id;name;last_name;second_last_name;gender;birthday;entry_date;position;salary;state
1;calculate Investment Account;Schowalter;quantify;port withdrawal;2020-12-13T22:17:38;2020-12-13T19:07:19;Dale deposit Bedfordshire;36120;Active
2;Handmade silver;Smitham;Home;bandwidth-monitored Sleek;2020-12-13T03:39:59;2020-12-13T08:07:35;payment Switchable Garden;49610;Active
3;Unbranded Granite Bacon;Lockman;National;Games Singapore;2020-12-13T02:34:05;2020-12-13T11:50:59;Berkshire;12794;Active
4;open-source;Williamson;alarm;portals time-frame;2020-12-13T02:51:32;2020-12-13T07:01:18;Concrete Soap;54568;Active
5;Norfolk Island Kiribati lavender;Keeling;24 hour;New Zealand;2020-12-13T13:06:39;2020-12-13T02:14:29;Automated Small Concrete Chicken;84274;Active
6;Table;Turcotte;Shoes purple white;back up Bedfordshire deliverables;2020-12-13T11:46:59;2020-12-14T00:30:29;Checking Account Unbranded Plastic Computer;16522;Active
7;Rustic Personal Loan Account;Leannon;upward-trending;Executive sensor;2020-12-13T22:03:02;2020-12-14T00:14:13;Awesome Hungary;32720;Active
8;redundant;Feeney;multi-state North Carolina;Gorgeous Baby Toys;2020-12-13T19:51:13;2020-12-13T02:50:03;Unbranded Metal;88001;Inactive
9;Unbranded;Hane;systems;feed deposit back up;2020-12-14T00:50:07;2020-12-14T00:42:27;Lead;14323;Inactive
10;killer;Pagac;implementation 4th generation Salad;Poland Principal eyeballs;2020-12-14T00:28:43;2020-12-13T05:28:13;Gorgeous;3924;Active
